,wage,educ,exper,tenure,nonwhite,female,married,numdep,smsa,northcen,south,west,construc,ndurman,trcommpu,trade,services,profserv,profocc,clerocc,servocc,lwage,expersq,tenursq
0,3.0999999046325684,11,2,0,0,1,0,2,1,0,0,1,0,0,0,0,0,0,0,0,0,1.1314021348953247,4,0
1,3.240000009536743,12,22,2,0,1,1,3,1,0,0,1,0,0,0,0,1,0,0,0,1,1.1755733489990234,484,4
2,3.0,11,2,0,0,0,0,2,0,0,0,1,0,0,0,1,0,0,0,0,0,1.0986123085021973,4,0
3,6.0,8,44,28,0,0,1,0,1,0,0,1,0,0,0,0,0,0,0,1,0,1.7917594909667969,1936,784
4,5.300000190734863,12,7,2,0,0,1,1,0,0,0,1,0,0,0,0,0,0,0,0,0,1.667706847190857,49,4
5,8.75,16,9,8,0,0,1,0,1,0,0,1,0,0,0,0,0,1,1,0,0,2.169053792953491,81,64
6,11.25,18,15,7,0,0,0,0,1,0,0,1,0,0,0,1,0,0,1,0,0,2.420368194580078,225,49
7,5.0,12,5,3,0,1,0,0,1,0,0,1,0,0,0,0,0,0,1,0,0,1.6094379425048828,25,9
8,3.5999999046325684,12,26,4,0,1,0,2,1,0,0,1,0,0,0,1,0,0,1,0,0,1.280933856964111,676,16
9,18.18000030517578,17,22,21,0,0,1,0,1,0,0,1,0,0,0,0,0,0,1,0,0,2.900322198867798,484,441
10,6.25,16,8,2,0,1,0,0,1,0,0,1,0,0,0,1,0,0,1,0,0,1.8325815200805664,64,4
11,8.130000114440918,13,3,0,0,1,0,0,1,0,0,1,0,0,0,0,0,1,0,1,0,2.0955610275268555,9,0
12,8.770000457763672,12,15,0,0,0,1,2,1,0,0,1,0,0,0,0,0,0,0,0,0,2.171336889266968,225,0
13,5.5,12,18,3,0,0,0,0,1,0,0,1,0,0,0,0,0,0,0,0,0,1.704748034477234,324,9
14,22.200000762939453,12,31,15,0,0,1,1,1,0,0,1,0,0,0,0,0,0,1,0,0,3.10009241104126,961,225
15,17.329999923706055,16,14,0,0,0,1,1,1,0,0,1,0,0,0,0,0,1,1,0,0,2.8524391651153564,196,0
16,7.5,12,10,0,0,1,1,0,1,0,0,1,0,0,0,0,0,0,0,1,0,2.0149030685424805,100,0
17,10.630000114440918,13,16,10,0,1,0,0,1,0,0,1,0,0,0,0,0,1,1,0,0,2.363680124282837,256,100
18,3.5999999046325684,12,13,0,0,1,1,3,1,0,0,1,0,0,0,0,0,0,0,0,0,1.280933856964111,169,0
19,4.5,12,36,6,0,1,1,0,1,0,0,1,0,0,0,0,0,1,0,0,1,1.504077434539795,1296,36
20,6.880000114440918,12,11,4,0,1,0,0,1,0,0,1,0,0,0,0,0,1,1,0,0,1.928618669509888,121,16
21,8.479999542236328,12,29,13,0,0,1,3,1,0,0,1,0,0,0,0,0,0,0,0,0,2.1377103328704834,841,169
22,6.329999923706055,16,9,9,0,1,0,0,1,0,0,1,0,0,0,0,0,0,1,0,0,1.8453001976013184,81,81
23,0.5299999713897705,12,3,1,0,1,0,0,1,0,0,1,0,0,0,0,1,0,0,0,1,-0.6348783373832703,9,1
24,6.0,11,37,8,1,1,0,0,1,0,0,1,0,0,0,0,1,0,0,0,0,1.7917594909667969,1369,64
25,9.5600004196167,16,3,3,1,0,1,1,1,0,0,1,0,1,0,0,0,0,1,0,0,2.2575876712799072,9,9
26,7.78000020980835,16,11,10,0,0,1,1,1,0,0,1,0,0,1,0,0,0,0,0,0,2.051556348800659,121,100
27,12.5,16,31,0,0,0,1,0,1,0,0,1,0,0,0,0,0,0,1,0,0,2.525728702545166,961,0
28,12.5,15,30,0,0,0,1,2,1,0,0,1,0,0,0,0,0,0,1,0,0,2.525728702545166,900,0
29,3.25,8,9,1,0,1,1,2,1,0,0,1,0,0,0,0,0,0,0,0,0,1.178655028343201,81,1
30,13.0,14,23,5,0,0,1,2,1,0,0,1,0,0,0,0,0,1,1,0,0,2.5649492740631104,529,25
31,4.5,14,2,5,0,1,0,2,1,0,0,1,0,0,0,1,0,0,0,0,0,1.504077434539795,4,25
32,9.68000030517578,13,16,16,0,1,0,0,1,0,0,1,0,0,0,0,0,0,1,0,0,2.27006196975708,256,256
33,5.0,12,7,3,0,1,0,0,1,0,0,1,0,0,0,0,0,0,0,1,0,1.6094379425048828,49,9
34,4.679999828338623,12,3,0,0,1,0,0,1,0,0,1,0,0,0,0,1,0,0,1,0,1.5432981252670288,9,0
35,4.269999980926514,16,22,4,1,1,1,1,1,0,0,1,0,0,0,1,0,0,1,0,0,1.4516137838363647,484,16
36,6.150000095367432,12,15,6,1,1,1,1,1,0,0,1,0,0,0,0,1,0,0,0,1,1.816452145576477,225,36
37,3.509999990463257,4,39,15,0,0,1,5,1,0,0,1,0,0,0,1,0,0,0,0,0,1.2556160688400269,1521,225
38,3.0,14,3,3,0,1,1,0,1,0,0,1,0,0,0,0,0,1,0,1,0,1.0986123085021973,9,9
39,6.25,12,11,0,0,1,0,0,1,0,0,1,0,0,0,0,0,1,0,1,0,1.8325815200805664,121,0
40,7.809999942779541,12,3,0,0,1,1,0,1,0,0,1,0,0,0,0,1,0,0,0,1,2.0554049015045166,9,0
41,10.0,12,20,5,1,1,1,4,1,0,0,1,0,0,0,0,0,1,0,1,0,2.3025851249694824,400,25
42,4.5,14,16,0,0,1,1,1,1,0,0,1,0,0,0,0,0,1,0,1,0,1.504077434539795,256,0
43,4.0,11,45,12,0,1,1,0,1,0,0,1,0,0,0,0,0,1,0,0,1,1.3862943649291992,2025,144
44,6.380000114440918,13,11,4,0,1,0,0,1,0,0,1,0,0,0,0,0,0,0,0,0,1.8531681299209597,121,16
45,13.699999809265137,15,20,13,0,0,1,2,1,0,0,1,0,0,0,0,0,1,1,0,0,2.6173958778381348,400,169
46,1.6699999570846558,10,1,0,0,0,0,1,1,0,0,1,0,0,0,0,1,0,0,0,0,0.5128235816955566,1,0
47,2.930000066757202,12,36,2,0,1,1,1,1,0,0,1,0,0,0,1,0,0,1,0,0,1.0750024318695068,1296,4
48,3.650000095367432,14,9,2,0,0,0,0,1,0,0,1,0,0,0,1,0,0,1,0,0,1.2947272062301636,81,4
49,2.900000095367432,12,15,1,0,1,1,2,1,0,0,1,0,0,0,0,1,0,0,0,1,1.0647107362747192,225,1
50,1.6299999952316284,12,18,0,0,1,0,2,0,0,0,0,0,0,0,0,1,0,0,0,1,0.4885800182819366,324,0
51,8.600000381469727,16,3,2,0,1,0,0,1,0,0,0,0,0,0,0,0,1,1,0,0,2.1517622470855717,9,4
52,5.0,12,15,5,0,0,1,1,1,0,0,0,0,0,0,1,0,0,0,1,0,1.6094379425048828,225,25
53,6.0,12,7,7,0,0,1,0,1,0,0,0,0,0,0,0,0,0,0,0,0,1.7917594909667969,49,49
54,2.5,12,2,0,0,0,0,2,0,0,0,0,0,0,0,0,0,0,0,0,0,0.9162907600402832,4,0
55,3.25,15,3,0,0,0,0,1,0,0,0,0,0,0,0,1,0,0,0,0,1,1.178655028343201,9,0
56,3.400000095367432,16,1,1,0,1,0,1,0,0,0,0,0,0,0,1,0,0,0,0,1,1.2237755060195925,1,1
57,10.0,8,13,0,1,0,0,0,1,0,0,0,0,0,0,1,0,0,0,0,0,2.3025851249694824,169,0
58,21.6299991607666,18,8,8,0,1,0,0,1,0,0,0,0,0,0,0,0,1,1,0,0,3.0740811824798584,64,64
59,4.380000114440918,16,7,0,0,0,0,0,1,0,0,0,0,0,0,1,0,0,0,0,1,1.4770487546920776,49,0
60,11.710000038146973,13,40,20,0,1,0,0,1,0,0,0,0,1,0,0,0,0,1,0,0,2.4604432582855225,1600,400
61,12.390000343322754,14,42,5,0,0,0,0,1,0,0,0,0,0,0,0,0,1,1,0,0,2.516889810562134,1764,25
62,6.25,10,36,8,0,0,0,0,1,0,0,0,0,0,0,1,0,0,0,0,1,1.8325815200805664,1296,64
63,3.7100000381469727,10,13,0,1,1,0,4,1,0,0,0,0,0,0,0,0,1,0,1,0,1.311031937599182,169,0
64,7.78000020980835,14,9,3,0,0,0,0,1,0,0,0,0,0,0,0,0,1,1,0,0,2.051556348800659,81,9
65,19.979999542236328,14,26,23,0,0,1,2,1,0,0,0,0,0,0,0,0,0,1,0,0,2.9947316646575928,676,529
66,6.25,16,7,4,1,1,1,3,1,0,0,0,0,0,0,0,0,1,1,0,0,1.8325815200805664,49,16
67,10.0,12,25,3,0,0,1,3,1,0,0,0,0,0,0,0,0,1,1,0,0,2.3025851249694824,625,9
68,5.710000038146973,16,10,5,0,0,1,1,1,0,0,0,0,0,0,0,0,1,1,0,0,1.7422189712524414,100,25
69,2.0,12,3,2,0,1,0,4,1,0,0,0,0,0,0,0,1,0,0,0,0,0.6931471824645996,9,4
70,5.710000038146973,16,3,0,0,1,0,0,1,0,0,0,0,0,0,1,0,0,0,1,0,1.7422189712524414,9,0
71,13.079999923706056,17,17,2,1,0,1,3,1,0,0,0,0,0,0,0,0,1,1,0,0,2.571084260940552,289,4
72,4.909999847412109,12,17,8,0,0,1,2,1,0,0,0,0,0,0,0,0,0,0,0,0,1.5912739038467407,289,64
73,2.9100000858306885,12,20,34,0,1,1,2,1,0,0,0,0,0,0,0,1,0,0,1,0,1.0681531429290771,400,1156
74,3.75,12,7,0,0,1,1,0,1,0,0,0,1,0,0,0,0,0,0,1,0,1.3217558860778809,49,0
75,11.899999618530272,13,24,19,0,0,1,2,1,0,0,0,0,0,0,0,0,1,1,0,0,2.4765384197235107,576,361
76,4.0,12,28,0,0,1,1,1,1,0,0,0,0,0,0,0,0,1,0,1,0,1.3862943649291992,784,0
77,3.0999999046325684,12,2,1,0,1,0,1,1,0,0,0,0,0,0,1,0,0,0,1,0,1.1314021348953247,4,1
78,8.449999809265137,12,19,13,0,0,1,4,1,0,0,0,0,0,0,0,0,0,0,0,0,2.1341664791107178,361,169
79,7.139999866485596,18,13,0,0,0,1,2,1,0,0,0,0,0,0,0,0,1,1,0,0,1.9657127857208248,169,0
80,4.5,9,22,5,0,0,1,4,1,0,0,0,0,0,0,0,0,0,0,0,0,1.504077434539795,484,25
81,4.650000095367432,16,3,1,0,0,0,0,1,0,0,0,0,1,0,0,0,0,0,0,0,1.5368672609329224,9,1
82,2.900000095367432,10,4,0,0,1,0,1,1,0,0,0,0,0,0,0,0,1,0,0,1,1.0647107362747192,16,0
83,6.670000076293945,12,7,5,0,0,0,0,1,0,0,0,0,0,0,0,0,0,1,0,0,1.8976198434829712,49,25
84,3.5,12,6,2,1,1,0,1,1,0,0,0,0,0,0,0,0,1,0,0,1,1.2527629137039185,36,4
85,3.259999990463257,12,13,3,0,1,1,1,1,0,0,0,0,0,0,1,0,0,1,0,0,1.181727170944214,169,9
86,3.25,12,14,0,0,1,1,1,1,0,0,0,0,0,0,0,0,1,0,1,0,1.178655028343201,196,0
87,8.0,12,14,4,0,1,0,1,1,0,0,0,0,0,0,0,0,1,1,0,0,2.079441547393799,196,16
88,9.850000381469728,8,40,24,1,0,1,2,1,0,0,0,0,0,0,0,0,0,0,0,0,2.2874715328216557,1600,576
89,7.5,12,11,7,0,0,1,1,1,0,0,0,0,0,0,0,0,0,0,0,0,2.0149030685424805,121,49
90,5.909999847412109,12,14,6,0,0,1,2,0,0,0,0,0,0,1,0,0,0,0,0,0,1.7766457796096802,196,36
91,11.760000228881836,14,40,39,0,0,1,0,1,0,0,0,0,0,1,0,0,0,1,0,0,2.4647040367126465,1600,1521
92,3.0,12,1,0,0,1,0,2,1,0,0,0,0,0,0,1,0,0,1,0,0,1.0986123085021973,1,0
93,4.809999942779541,12,2,0,0,1,0,0,1,0,0,0,0,0,0,0,0,1,0,0,1,1.5706970691680908,4,0
94,6.5,12,4,1,0,1,0,0,1,0,0,0,0,0,0,0,0,1,1,0,0,1.8718022108078003,16,1
95,4.0,9,19,1,0,1,1,1,1,0,0,0,0,0,0,0,1,0,0,0,1,1.3862943649291992,361,1
96,3.5,13,1,0,0,0,0,1,1,0,0,0,0,1,0,0,0,0,1,0,0,1.2527629137039185,1,0
97,13.15999984741211,12,34,22,0,0,1,0,1,0,0,0,0,0,0,1,0,0,1,0,0,2.577181816101074,1156,484
98,4.25,14,5,2,0,0,1,2,1,0,0,0,0,0,0,1,0,0,0,0,0,1.4469189643859863,25,4
99,3.5,12,3,0,0,0,0,0,1,0,0,0,0,0,0,1,0,0,0,0,1,1.2527629137039185,9,0
100,5.130000114440918,15,6,6,0,1,0,0,1,0,0,0,0,1,0,0,0,0,1,0,0,1.6351057291030884,36,36
101,3.75,12,14,0,0,1,1,3,1,0,0,0,0,0,0,0,1,0,0,0,1,1.3217558860778809,196,0
102,4.5,12,35,12,0,1,1,0,1,0,0,0,0,0,0,0,0,1,0,1,0,1.504077434539795,1225,144
103,7.630000114440918,12,8,4,0,1,0,0,1,0,0,0,0,0,1,0,0,0,0,1,0,2.032087802886963,64,16
104,15.0,14,7,7,1,0,1,1,1,0,0,0,0,0,0,0,0,0,0,0,0,2.70805025100708,49,49
105,6.849999904632568,15,11,3,0,1,1,2,1,0,0,0,0,0,0,0,0,1,1,0,0,1.9242486953735352,121,9
106,13.329999923706056,12,14,11,0,0,1,2,1,0,0,0,0,0,0,1,0,0,1,0,0,2.590017080307007,196,121
107,6.670000076293945,12,35,10,0,0,0,0,1,0,0,0,0,0,0,0,0,0,0,0,0,1.8976198434829712,1225,100
108,2.5299999713897705,12,46,0,0,1,0,0,1,0,0,0,0,0,0,1,0,0,1,0,0,0.9282193183898926,2116,0
109,9.800000190734863,17,7,0,0,0,1,0,1,0,0,0,0,0,0,0,1,0,1,0,0,2.2823824882507324,49,0
110,3.369999885559082,11,45,12,0,0,1,0,1,0,0,0,0,0,0,1,0,0,1,0,0,1.2149126529693604,2025,144
111,24.979999542236328,18,29,25,0,0,1,0,1,0,0,0,0,0,0,0,0,0,1,0,0,3.2180755138397217,841,625
112,5.400000095367432,12,6,3,0,0,1,0,1,0,0,0,0,0,0,0,1,0,0,0,0,1.686398983001709,36,9
113,6.110000133514404,14,15,0,0,0,1,2,1,0,0,0,0,0,0,1,0,0,1,0,0,1.8099267482757568,225,0
114,4.199999809265137,14,33,16,0,1,1,0,1,0,0,0,0,0,0,0,0,1,1,0,0,1.4350844621658323,1089,256
115,3.75,10,15,0,0,0,0,0,1,0,0,0,0,0,0,1,0,0,0,0,0,1.3217558860778809,225,0
116,3.5,14,5,0,0,1,1,0,0,0,1,0,0,0,0,0,0,1,0,1,0,1.2527629137039185,25,0
117,3.640000104904175,12,7,2,0,0,0,0,1,0,1,0,0,0,0,0,0,1,0,0,1,1.291983723640442,49,4
118,3.799999952316284,15,6,1,0,0,1,1,1,0,1,0,0,0,0,1,0,0,0,0,0,1.3350011110305786,36,1
119,3.0,8,33,12,0,1,1,3,0,0,1,0,0,1,0,0,0,0,0,0,0,1.0986123085021973,1089,144
120,5.0,16,2,1,0,1,1,0,0,0,1,0,0,0,0,1,0,0,1,0,0,1.6094379425048828,4,1
121,4.630000114440918,14,4,0,0,1,1,2,1,0,1,0,0,0,0,0,0,1,0,0,1,1.5325568914413452,16,0
122,3.0,15,1,0,0,0,0,0,1,0,1,0,0,0,0,1,0,0,1,0,0,1.0986123085021973,1,0
123,3.200000047683716,12,29,0,0,1,0,1,1,0,1,0,0,0,0,0,0,0,0,1,0,1.1631507873535156,841,0
124,3.910000085830689,18,17,3,0,0,1,2,0,0,1,0,0,0,0,0,0,1,1,0,0,1.3635374307632446,289,9
125,6.429999828338623,16,17,3,0,1,1,2,0,0,1,0,0,0,0,0,0,1,1,0,0,1.8609745502471924,289,9
126,5.480000019073486,10,36,3,0,1,1,0,1,0,1,0,0,0,0,0,0,0,0,0,0,1.7011051177978516,1296,9
127,1.5,8,31,30,0,0,0,0,0,0,1,0,0,0,0,1,0,0,0,0,0,0.4054650962352752,961,900
128,2.900000095367432,10,23,2,0,1,0,2,0,0,1,0,0,0,0,0,0,1,0,0,1,1.0647107362747192,529,4
129,5.0,11,13,1,0,0,1,0,0,0,1,0,0,0,0,1,0,0,0,0,0,1.6094379425048828,169,1
130,8.920000076293945,18,3,3,0,0,1,0,1,0,1,0,0,0,0,1,0,0,1,0,0,2.188295841217041,9,9
131,5.0,15,15,0,0,0,0,0,1,0,1,0,0,0,0,1,0,0,1,0,0,1.6094379425048828,225,0
132,3.5199999809265137,12,48,1,0,0,1,0,0,0,1,0,0,0,0,0,0,1,0,0,0,1.2584609985351562,2304,1
133,2.900000095367432,11,6,0,0,1,0,1,0,0,1,0,0,1,0,0,0,0,0,0,0,1.0647107362747192,36,0
134,4.5,12,12,0,0,0,1,3,1,0,1,0,0,0,0,1,0,0,0,0,0,1.504077434539795,144,0
135,2.25,12,5,0,0,1,0,2,1,0,1,0,0,0,0,1,0,0,0,0,1,0.8109301924705505,25,0
136,5.0,14,19,5,0,0,1,4,1,0,1,0,0,0,0,1,0,0,0,0,0,1.6094379425048828,361,25
137,10.0,16,9,3,1,0,1,2,1,0,1,0,0,0,0,0,0,0,1,0,0,2.3025851249694824,81,9
138,3.75,2,39,13,0,0,1,0,1,0,1,0,0,0,0,0,0,1,0,0,1,1.3217558860778809,1521,169
139,10.0,14,28,11,0,1,1,0,1,0,1,0,0,1,0,0,0,0,1,0,0,2.3025851249694824,784,121
140,10.949999809265137,16,23,20,0,0,1,4,1,0,1,0,0,1,0,0,0,0,1,0,0,2.3933393955230717,529,400
141,7.900000095367432,12,2,0,0,0,0,0,1,0,1,0,1,0,0,0,0,0,0,0,0,2.0668628215789795,4,0
142,4.71999979019165,12,15,1,0,1,0,0,1,0,1,0,0,0,0,0,0,0,0,0,0,1.5518087148666382,225,1
143,5.840000152587891,13,5,0,0,1,1,1,1,0,1,0,0,0,0,0,0,1,0,1,0,1.7647308111190796,25,0
144,3.829999923706055,12,18,2,0,1,0,3,1,0,1,0,0,0,0,0,0,0,0,1,0,1.342864751815796,324,4
145,3.200000047683716,15,2,2,0,1,0,2,1,0,1,0,0,0,1,0,0,0,0,0,0,1.1631507873535156,4,4
146,2.0,10,3,0,1,1,0,5,1,0,1,0,0,0,0,1,0,0,0,0,1,0.6931471824645996,9,0
147,4.5,12,31,4,0,1,1,3,1,0,1,0,0,0,0,0,0,1,0,1,0,1.504077434539795,961,16
148,11.550000190734863,16,20,5,0,1,1,3,1,0,1,0,1,0,0,0,0,0,0,1,0,2.446685552597046,400,25
149,2.140000104904175,13,34,15,1,1,1,0,1,0,1,0,0,0,0,0,1,0,0,0,0,0.7608059048652649,1156,225
150,2.380000114440918,9,5,0,1,0,0,5,1,0,1,0,0,0,0,0,0,0,0,0,1,0.8671005368232727,25,0
151,3.75,12,11,0,0,0,0,1,1,0,1,0,0,0,0,0,0,0,0,0,0,1.3217558860778809,121,0
152,5.519999980926514,13,31,3,0,0,0,0,1,0,1,0,0,0,0,1,0,0,0,0,0,1.7083778381347656,961,9
153,6.5,12,8,5,0,1,1,0,1,0,1,0,0,0,1,0,0,0,0,1,0,1.8718022108078003,64,25
154,3.0999999046325684,12,2,2,0,1,0,1,1,0,1,0,0,1,0,0,0,0,0,0,0,1.1314021348953247,4,4
155,10.0,14,18,5,0,0,1,2,1,0,1,0,0,0,0,0,0,0,1,0,0,2.3025851249694824,324,25
156,6.630000114440918,16,3,0,0,0,1,0,1,0,1,0,0,0,0,0,0,1,1,0,0,1.8916047811508176,9,0
157,10.0,16,3,2,0,0,1,0,1,0,1,0,0,0,1,0,0,0,1,0,0,2.3025851249694824,9,4
158,2.309999942779541,9,4,1,0,1,0,5,0,1,0,0,0,0,0,1,0,0,0,0,1,0.8372474908828735,16,1
159,6.880000114440918,18,4,4,0,0,0,0,1,1,0,0,0,0,0,0,0,1,1,0,0,1.928618669509888,16,16
160,2.8299999237060547,10,1,0,0,0,0,4,1,1,0,0,0,0,0,1,0,0,0,0,0,1.0402766466140747,1,0
161,3.130000114440918,10,1,0,0,1,0,1,1,1,0,0,0,0,0,1,0,0,1,0,0,1.1410330533981323,1,0
162,8.0,13,28,5,0,0,1,1,1,1,0,0,0,0,0,0,1,0,1,0,0,2.079441547393799,784,25
163,4.5,12,47,4,0,1,1,0,1,1,0,0,0,0,0,1,0,0,0,1,0,1.504077434539795,2209,16
164,8.649999618530273,18,13,1,0,1,0,0,1,1,0,0,0,1,0,0,0,0,1,0,0,2.157559394836426,169,1
165,2.0,13,2,6,0,1,0,0,1,1,0,0,0,0,0,0,1,0,0,0,1,0.6931471824645996,4,36
166,4.75,12,48,2,0,1,1,0,1,1,0,0,0,0,0,0,0,1,0,0,1,1.5581445693969729,2304,4
167,6.25,13,6,5,0,1,1,1,1,1,0,0,0,0,0,0,0,1,1,0,0,1.8325815200805664,36,25
168,6.0,13,8,0,0,0,1,2,1,1,0,0,0,0,0,0,0,1,0,0,1,1.7917594909667969,64,0
169,15.380000114440918,13,25,21,0,0,1,2,1,1,0,0,0,0,0,0,0,1,1,0,0,2.733067989349365,625,441
170,14.579999923706056,18,13,7,0,1,0,0,1,1,0,0,0,0,0,0,0,1,1,0,0,2.6796507835388184,169,49
171,12.5,12,8,1,0,0,0,0,1,1,0,0,0,0,0,0,0,0,0,0,0,2.525728702545166,64,1
172,5.25,12,19,10,0,1,1,2,1,1,0,0,0,0,1,0,0,0,0,1,0,1.658228039741516,361,100
173,2.1700000762939453,13,1,4,0,1,0,1,1,1,0,0,0,1,0,0,0,0,0,0,1,0.7747272253036499,1,16
174,7.139999866485596,12,43,5,0,1,0,0,1,1,0,0,0,0,0,0,0,0,0,0,0,1.9657127857208248,1849,25
175,6.21999979019165,12,19,9,0,1,1,1,1,1,0,0,0,0,0,0,0,1,0,1,0,1.827769875526428,361,81
176,9.0,12,11,5,0,1,1,0,1,1,0,0,0,0,0,0,0,1,1,0,0,2.1972246170043945,121,25
177,10.0,14,43,4,0,0,1,0,1,1,0,0,0,0,0,0,0,1,1,0,0,2.3025851249694824,1849,16
178,5.769999980926514,10,44,3,0,0,1,0,1,1,0,0,0,0,0,0,0,1,1,0,0,1.7526720762252808,1936,9
179,4.0,12,22,11,0,1,1,2,1,1,0,0,0,1,0,0,0,0,0,0,0,1.3862943649291992,484,121
180,8.75,16,3,2,0,0,1,1,1,1,0,0,0,1,0,0,0,0,1,0,0,2.169053792953491,9,4
181,6.53000020980835,16,3,2,0,1,0,0,1,1,0,0,0,0,0,0,0,1,1,0,0,1.876407027244568,9,4
182,7.599999904632568,12,41,11,0,1,0,0,1,1,0,0,0,0,0,0,0,1,1,0,0,2.0281481742858887,1681,121
183,5.0,14,5,0,0,0,0,0,1,1,0,0,0,0,0,1,0,0,0,0,0,1.6094379425048828,25,0
184,5.0,12,14,11,0,1,0,0,1,1,0,0,0,0,0,0,0,1,0,0,1,1.6094379425048828,196,121
185,21.86000061035156,12,24,16,0,0,1,3,1,1,0,0,0,0,0,1,0,0,1,0,0,3.084658622741699,576,256
186,8.640000343322754,12,28,8,0,0,1,0,1,1,0,0,0,1,0,0,0,0,1,0,0,2.156402587890625,784,64
187,3.299999952316284,12,25,8,0,0,1,1,1,1,0,0,0,0,0,1,0,0,0,0,0,1.1939224004745483,625,64
188,4.440000057220459,12,3,0,0,0,0,0,1,1,0,0,0,0,0,1,0,0,1,0,0,1.4906543493270874,9,0
189,4.550000190734863,12,11,0,0,0,1,0,0,1,0,0,0,0,0,0,0,0,0,0,0,1.5151273012161257,121,0
190,3.5,12,7,6,1,1,1,0,0,1,0,0,0,0,0,0,0,0,0,0,0,1.2527629137039185,49,36
191,6.25,16,9,2,0,0,1,1,0,1,0,0,0,0,0,0,0,1,1,0,0,1.8325815200805664,81,4
192,3.849999904632568,16,5,0,0,0,1,0,1,1,0,0,0,0,0,1,0,0,0,0,0,1.348073124885559,25,0
193,6.179999828338623,14,9,3,0,1,1,0,1,1,0,0,0,0,0,0,0,1,1,0,0,1.82131826877594,81,9
194,2.9100000858306885,11,1,0,0,1,0,3,1,1,0,0,0,0,0,0,1,0,1,0,0,1.0681531429290771,1,0
195,6.25,16,2,1,1,1,0,0,1,1,0,0,0,0,0,1,0,0,1,0,0,1.8325815200805664,4,1
196,6.25,12,13,0,0,1,1,0,1,1,0,0,0,0,0,0,0,1,0,1,0,1.8325815200805664,169,0
197,9.050000190734863,12,10,2,0,0,1,3,1,1,0,0,1,0,0,0,0,0,1,0,0,2.202764749526977,100,4
198,10.0,17,5,3,0,0,1,0,1,1,0,0,0,0,0,0,0,0,1,0,0,2.3025851249694824,25,9
199,11.109999656677246,12,30,8,0,0,1,0,1,1,0,0,0,0,0,1,0,0,1,0,0,2.407845497131348,900,64
200,6.880000114440918,12,31,19,0,0,1,3,1,1,0,0,0,0,0,0,0,1,0,0,1,1.928618669509888,961,361
201,8.75,16,1,2,1,0,0,0,1,1,0,0,0,0,0,0,0,0,1,0,0,2.169053792953491,1,4
202,10.0,8,9,0,0,0,1,0,1,1,0,0,1,0,0,0,0,0,0,0,0,2.3025851249694824,81,0
203,3.049999952316284,12,10,0,0,1,1,2,1,1,0,0,0,0,0,1,0,0,0,0,0,1.1151416301727295,100,0
204,3.0,12,38,0,0,1,1,0,0,1,0,0,0,0,0,0,1,0,0,1,0,1.0986123085021973,1444,0
205,5.800000190734863,12,19,6,0,1,1,2,0,1,0,0,0,1,0,0,0,0,0,0,0,1.7578579187393188,361,36
206,4.099999904632568,16,5,0,0,1,1,0,1,1,0,0,0,0,0,0,0,1,1,0,0,1.4109869003295898,25,0
207,8.0,12,26,2,0,0,1,1,1,1,0,0,0,0,0,0,0,0,0,0,0,2.079441547393799,676,4
208,6.150000095367432,12,35,12,0,1,0,0,1,1,0,0,0,0,0,1,0,0,0,0,0,1.816452145576477,1225,144
209,2.700000047683716,9,2,0,0,1,0,1,1,1,0,0,0,0,0,1,0,0,0,1,0,0.9932518005371094,4,0
210,2.75,13,1,2,0,1,0,1,1,1,0,0,0,0,0,0,0,1,0,0,1,1.0116009712219238,1,4
211,3.0,16,19,10,0,1,1,0,1,1,0,0,0,0,0,1,0,0,0,1,0,1.0986123085021973,361,100
212,3.0,14,3,2,0,1,0,0,1,1,0,0,0,0,0,0,0,1,0,0,1,1.0986123085021973,9,4
213,7.360000133514404,8,36,24,0,0,1,3,1,1,0,0,0,0,0,0,0,0,0,0,0,1.996059894561768,1296,576
214,7.5,14,29,24,0,0,1,1,1,1,0,0,0,0,0,0,0,0,1,0,0,2.0149030685424805,841,576
215,3.5,13,1,2,0,0,0,3,1,1,0,0,0,0,0,1,0,0,0,0,0,1.2527629137039185,1,4
216,8.100000381469727,12,38,3,0,1,1,1,1,1,0,0,0,0,0,0,0,1,1,0,0,2.091864109039306,1444,9
217,3.75,18,1,2,0,0,0,1,1,1,0,0,0,0,0,0,0,1,1,0,0,1.3217558860778809,1,4
218,3.25,9,29,0,1,0,1,1,1,1,0,0,0,0,0,0,0,0,0,0,0,1.178655028343201,841,0
219,5.829999923706055,8,36,15,0,1,1,0,0,0,0,0,0,0,0,0,0,1,0,1,0,1.763016939163208,1296,225
220,3.5,8,4,0,0,0,0,3,1,0,0,0,0,0,0,1,0,0,0,0,1,1.2527629137039185,16,0
221,3.3299999237060547,12,45,4,0,1,1,0,0,0,0,0,0,0,0,1,0,0,0,0,0,1.2029722929000854,2025,16
222,4.0,14,22,3,0,1,0,0,1,0,0,0,1,0,0,0,0,0,0,1,0,1.3862943649291992,484,9
223,3.5,12,20,4,0,1,1,2,0,0,0,0,0,0,0,0,0,1,0,1,0,1.2527629137039185,400,16
224,6.25,16,5,0,0,0,1,0,1,0,0,0,0,1,0,0,0,0,1,0,0,1.8325815200805664,25,0
225,2.950000047683716,8,15,2,1,1,1,1,1,0,0,0,0,1,0,0,0,0,0,0,0,1.0818052291870115,225,4
226,5.710000038146973,13,10,2,0,1,1,0,1,0,0,0,0,0,0,1,0,0,1,0,0,1.7422189712524414,100,4
227,3.0,9,3,0,0,1,0,0,1,0,0,0,0,0,0,0,1,0,0,0,0,1.0986123085021973,9,0
228,22.86000061035156,16,16,7,0,0,1,2,1,0,0,0,0,0,0,0,0,0,1,0,0,3.1293885707855225,256,49
229,9.0,12,38,1,0,0,1,0,1,0,0,0,0,0,0,0,0,1,1,0,0,2.1972246170043945,1444,1
230,8.329999923706055,15,33,26,0,0,1,1,1,0,0,0,0,0,0,0,0,1,1,0,0,2.119863510131836,1089,676
231,3.0,11,2,0,0,0,0,0,1,0,0,0,0,0,0,1,0,0,0,0,0,1.0986123085021973,4,0
232,5.75,14,6,5,0,0,1,0,1,0,0,0,0,0,0,1,0,0,1,0,0,1.7491998672485352,36,25
233,6.760000228881836,12,19,3,1,0,1,2,1,0,0,0,0,1,0,0,0,0,0,0,0,1.9110229015350344,361,9
234,10.0,12,29,0,0,0,1,2,1,0,0,0,0,0,0,0,0,1,0,1,0,2.3025851249694824,841,0
235,3.0,12,2,0,0,0,0,0,1,0,0,0,1,0,0,0,0,0,0,0,0,1.0986123085021973,4,0
236,3.5,18,3,1,0,1,0,0,1,0,0,0,0,0,1,0,0,0,1,0,0,1.2527629137039185,9,1
237,3.25,12,4,0,0,0,0,0,1,0,0,0,0,0,0,0,1,0,0,0,0,1.178655028343201,16,0
238,4.0,12,10,1,1,1,0,0,1,0,0,0,0,0,0,0,0,1,0,1,0,1.3862943649291992,100,1
239,2.9200000762939453,12,4,0,0,1,0,1,0,0,1,0,0,0,0,1,0,0,1,0,0,1.07158362865448,16,0
240,3.059999942779541,12,14,10,1,1,0,3,0,0,1,0,0,0,0,1,0,0,0,0,0,1.1184148788452148,196,100
241,3.200000047683716,12,15,5,0,1,1,1,0,0,1,0,0,0,0,0,0,1,1,0,0,1.1631507873535156,225,25
242,4.75,12,19,0,0,0,1,3,0,0,1,0,0,0,0,0,0,0,0,0,0,1.5581445693969729,361,0
243,3.0,14,17,0,0,1,1,4,1,0,1,0,0,0,0,0,1,0,0,1,0,1.0986123085021973,289,0
244,18.15999984741211,16,29,7,0,0,1,1,1,0,1,0,0,1,0,0,0,0,1,0,0,2.899221420288086,841,49
245,3.5,12,2,0,0,1,0,2,1,0,1,0,0,0,1,0,0,0,0,1,0,1.2527629137039185,4,0
246,4.110000133514404,14,5,0,0,0,0,0,0,0,1,0,0,0,0,0,0,1,1,0,0,1.4134230613708496,25,0
247,1.9600000381469729,11,38,3,1,1,0,0,0,0,1,0,0,0,0,0,1,0,0,0,0,0.6729444861412048,1444,9
248,4.289999961853027,12,3,0,0,1,0,0,0,0,1,0,0,0,0,1,0,0,0,0,1,1.4562866687774658,9,0
249,3.0,10,47,0,0,0,0,0,0,0,1,0,0,0,0,0,1,0,0,0,1,1.0986123085021973,2209,0
250,6.449999809265137,12,7,6,0,0,1,0,0,0,1,0,0,0,0,1,0,0,0,0,0,1.86408007144928,49,36
251,5.199999809265137,6,47,13,1,0,1,0,1,0,1,0,1,0,0,0,0,0,0,0,0,1.6486586332321167,2209,169
252,4.5,13,23,2,1,1,0,0,1,0,1,0,0,0,0,1,0,0,1,0,0,1.504077434539795,529,4
253,3.880000114440918,12,12,3,0,0,1,3,1,0,1,0,0,0,0,1,0,0,0,1,0,1.355835199356079,144,9
254,3.450000047683716,10,11,0,0,1,0,2,1,0,1,0,0,0,0,1,0,0,0,0,1,1.2383742332458496,121,0
255,10.90999984741211,12,25,23,0,0,0,0,1,0,1,0,0,0,1,0,0,0,0,0,0,2.3896796703338623,625,529
256,4.099999904632568,14,6,0,0,1,1,0,1,0,1,0,0,0,0,0,1,0,0,0,1,1.4109869003295898,36,0
257,3.0,13,3,1,0,0,0,0,1,0,1,0,0,0,0,1,0,0,0,0,0,1.0986123085021973,9,1
258,5.900000095367432,12,14,7,1,0,1,2,1,0,1,0,0,0,0,0,1,0,0,0,0,1.774952411651611,196,49
259,18.0,18,13,0,0,1,0,0,1,0,1,0,0,0,0,0,0,1,1,0,0,2.890371799468994,169,0
260,4.0,12,9,0,0,0,0,0,1,0,1,0,0,0,0,0,0,1,1,0,0,1.3862943649291992,81,0
261,3.0,12,1,0,1,0,0,0,1,0,1,0,0,0,0,0,1,0,0,0,0,1.0986123085021973,1,0
262,3.549999952316284,12,6,0,0,1,1,1,0,0,0,0,0,0,0,0,0,0,0,0,0,1.266947627067566,36,0
263,3.0,12,11,1,0,1,1,2,0,0,0,0,0,0,0,0,1,0,0,0,1,1.0986123085021973,121,1
264,8.75,12,47,44,0,0,1,0,0,0,0,0,0,0,0,0,0,0,0,0,0,2.169053792953491,2209,1936
265,2.900000095367432,8,49,6,0,1,0,1,0,0,0,0,0,1,0,0,0,0,0,0,0,1.0647107362747192,2401,36
266,6.260000228881836,13,37,17,0,1,1,0,1,0,0,0,0,0,0,0,0,1,1,0,0,1.834180235862732,1369,289
267,3.5,13,2,0,0,1,0,0,1,0,0,0,0,0,0,1,0,0,1,0,0,1.2527629137039185,4,0
268,4.599999904632568,14,7,0,0,1,1,0,1,0,0,0,0,0,0,1,0,0,0,1,0,1.5260562896728516,49,0
269,6.0,12,22,8,0,0,0,2,1,0,0,0,0,0,0,1,0,0,1,0,0,1.7917594909667969,484,64
270,2.890000104904175,10,8,0,0,1,0,1,1,0,0,0,0,0,0,0,0,0,0,0,0,1.0612565279006958,64,0
271,5.579999923706055,16,1,1,0,0,1,0,1,0,0,0,0,0,0,0,0,1,0,1,0,1.7191888093948364,1,1
272,4.0,12,43,6,0,1,1,0,0,0,0,0,0,0,1,0,0,0,0,0,0,1.3862943649291992,1849,36
273,6.0,16,2,2,0,0,0,0,1,0,0,0,0,1,0,0,0,0,0,0,0,1.7917594909667969,4,4
274,4.5,12,2,1,0,1,0,2,1,0,0,0,1,0,0,0,0,0,0,0,0,1.504077434539795,4,1
275,2.9200000762939453,14,1,3,0,0,0,0,1,0,0,0,0,0,0,0,0,1,0,1,0,1.07158362865448,1,9
276,4.329999923706055,18,1,0,0,0,0,0,1,0,0,0,0,0,0,1,0,0,1,0,0,1.4655674695968628,1,0
277,18.88999938964844,17,26,20,0,0,1,2,1,0,0,0,0,0,0,0,0,1,1,0,0,2.9386327266693115,676,400
278,4.28000020980835,13,1,1,0,1,0,2,1,0,0,0,0,0,0,1,0,0,1,0,0,1.4539530277252195,1,1
279,4.570000171661377,14,37,7,0,1,1,0,1,0,0,0,0,0,0,0,1,0,0,0,1,1.5195132493972778,1369,49
280,6.25,15,12,4,0,1,1,2,1,0,0,0,0,0,0,0,0,1,1,0,0,1.8325815200805664,144,16
281,2.950000047683716,14,41,23,1,0,1,0,0,1,0,0,0,0,0,0,0,1,1,0,0,1.0818052291870115,1681,529
282,8.75,12,24,1,0,0,0,0,1,1,0,0,0,1,0,0,0,0,1,0,0,2.169053792953491,576,1
283,8.5,8,38,26,0,0,0,0,1,1,0,0,0,0,0,0,0,0,0,0,0,2.140066146850586,1444,676
284,3.75,12,18,0,0,1,1,4,1,1,0,0,0,0,0,0,0,1,0,1,0,1.3217558860778809,324,0
285,3.150000095367432,12,26,1,0,0,1,0,1,1,0,0,0,0,0,1,0,0,1,0,0,1.14740252494812,676,1
286,5.0,8,45,2,0,0,0,0,0,1,0,0,0,1,0,0,0,0,0,0,0,1.6094379425048828,2025,4
287,6.460000038146973,12,27,0,0,0,1,3,0,1,0,0,0,0,0,0,0,0,0,0,0,1.8656293153762815,729,0
288,2.0,9,2,0,0,0,0,3,0,1,0,0,0,0,0,1,0,0,0,0,1,0.6931471824645996,4,0
289,4.789999961853027,12,41,8,0,0,1,0,1,1,0,0,0,0,0,1,0,0,1,0,0,1.5665303468704224,1681,64
290,5.78000020980835,16,11,4,0,0,1,2,1,1,0,0,0,1,0,0,0,0,1,0,0,1.7544037103652954,121,16
291,3.180000066757202,12,5,0,0,1,1,0,1,1,0,0,0,0,0,0,0,1,0,0,1,1.1568812131881714,25,0
292,4.679999828338623,16,3,1,0,1,0,0,1,1,0,0,0,0,0,0,0,1,1,0,0,1.5432981252670288,9,1
293,4.099999904632568,12,3,2,0,1,0,0,1,1,0,0,0,0,0,0,0,1,0,0,1,1.4109869003295898,9,4
294,2.9100000858306885,12,4,0,0,0,1,0,1,0,1,0,0,0,0,1,0,0,0,0,0,1.0681531429290771,16,0
295,6.0,13,21,13,0,0,1,4,0,0,1,0,0,1,0,0,0,0,0,0,0,1.7917594909667969,441,169
296,3.5999999046325684,10,34,26,0,1,1,0,0,0,1,0,0,1,0,0,0,0,0,0,0,1.280933856964111,1156,676
297,3.950000047683716,6,49,6,0,0,1,6,0,0,1,0,0,0,0,0,0,0,0,0,0,1.37371563911438,2401,36
298,7.0,12,6,5,1,0,1,1,0,0,1,0,1,0,0,0,0,0,0,0,0,1.945910096168518,36,25
299,3.0,12,26,9,0,1,1,0,0,0,1,0,0,0,0,0,1,0,0,0,1,1.0986123085021973,676,81
300,6.079999923706055,16,9,0,0,0,0,0,0,0,1,0,0,0,0,0,1,0,1,0,0,1.8050047159194944,81,0
301,8.630000114440918,12,23,9,0,0,1,1,0,0,1,0,0,1,0,0,0,0,0,0,0,2.1552445888519287,529,81
302,3.0,8,33,2,0,0,1,0,0,0,1,0,0,1,0,0,0,0,0,0,0,1.0986123085021973,1089,4
303,3.75,12,5,2,0,1,1,1,0,0,1,0,0,0,0,0,0,1,0,1,0,1.3217558860778809,25,4
304,2.900000095367432,6,49,7,0,0,1,0,0,0,1,0,0,0,0,0,0,0,0,0,1,1.0647107362747192,2401,49
305,3.0,4,48,0,1,0,1,0,0,0,1,0,0,1,0,0,0,0,0,0,0,1.0986123085021973,2304,0
306,6.25,11,35,31,0,0,1,0,1,0,1,0,0,0,0,1,0,0,0,0,0,1.8325815200805664,1225,961
307,3.5,11,23,2,1,1,0,2,0,0,1,0,0,1,0,0,0,0,0,0,0,1.2527629137039185,529,4
308,3.0,7,26,1,0,1,0,3,0,0,1,0,0,0,0,1,0,0,0,0,1,1.0986123085021973,676,1
309,3.240000009536743,12,16,0,0,1,1,2,1,0,1,0,0,0,0,1,0,0,0,1,0,1.1755733489990234,256,0
310,8.020000457763672,18,23,3,0,1,1,1,1,0,1,0,0,0,0,0,0,1,1,0,0,2.081938505172729,529,9
311,3.3299999237060547,12,36,8,0,1,1,1,1,0,1,0,0,0,0,0,0,1,0,1,0,1.2029722929000854,1296,64
312,5.25,16,4,0,0,0,0,0,1,0,1,0,0,1,0,0,0,0,1,0,0,1.658228039741516,16,0
313,6.25,12,10,0,0,0,1,3,1,0,1,0,1,0,0,0,0,0,0,0,0,1.8325815200805664,100,0
314,3.5,14,18,2,0,0,1,1,0,1,0,0,0,0,0,1,0,0,1,0,0,1.2527629137039185,324,4
315,2.950000047683716,12,3,1,0,0,0,1,0,1,0,0,0,0,0,1,0,0,0,0,0,1.0818052291870115,9,1
316,3.0,10,7,0,0,1,1,2,0,1,0,0,0,0,0,0,0,1,0,0,1,1.0986123085021973,49,0
317,4.690000057220459,10,7,7,0,0,0,0,0,1,0,0,0,0,0,0,0,0,0,0,0,1.5454325675964355,49,49
318,3.7300000190734863,9,33,2,0,1,0,1,0,1,0,0,0,0,0,0,0,0,0,0,0,1.3164082765579224,1089,4
319,4.0,10,34,12,0,0,1,0,0,1,0,0,0,0,0,0,0,0,0,0,0,1.3862943649291992,1156,144
320,4.0,12,8,0,0,1,1,2,0,1,0,0,0,0,0,1,0,0,1,0,0,1.3862943649291992,64,0
321,2.900000095367432,12,17,1,0,1,1,2,0,1,0,0,0,1,0,0,0,0,0,0,0,1.0647107362747192,289,1
322,3.049999952316284,12,2,0,0,1,0,1,0,1,0,0,0,0,0,0,0,1,0,0,1,1.1151416301727295,4,0
323,5.050000190734863,10,5,0,0,1,0,0,1,1,0,0,0,0,0,0,0,1,0,1,0,1.619388222694397,25,0
324,13.949999809265137,16,41,16,0,0,1,0,1,1,0,0,0,1,0,0,0,0,1,0,0,2.63547945022583,1681,256
325,18.15999984741211,16,35,28,0,0,1,1,1,1,0,0,0,1,0,0,0,0,1,0,0,2.899221420288086,1225,784
326,6.25,16,11,4,0,0,0,0,1,1,0,0,0,0,0,0,1,0,1,0,0,1.8325815200805664,121,16
327,5.25,12,4,0,1,0,0,0,1,1,0,0,0,1,0,0,0,0,0,1,0,1.658228039741516,16,0
328,4.789999961853027,12,12,3,0,1,1,3,1,1,0,0,0,0,0,0,0,1,1,0,0,1.5665303468704224,144,9
329,3.3499999046325684,7,35,0,0,1,0,1,1,0,1,0,0,0,0,0,0,0,0,0,0,1.2089602947235107,1225,0
330,3.0,8,33,0,0,0,1,1,1,0,1,0,0,0,1,0,0,0,0,0,0,1.0986123085021973,1089,0
331,8.430000305175781,16,8,6,0,0,1,0,1,0,1,0,0,1,0,0,0,0,1,0,0,2.131796836853028,64,36
332,5.699999809265137,16,2,0,0,0,0,0,1,0,1,0,0,0,0,1,0,0,1,0,0,1.7404661178588867,4,0
333,11.979999542236328,18,8,10,0,0,1,2,1,0,1,0,0,0,1,0,0,0,1,0,0,2.483238458633423,64,100
334,3.5,13,29,1,0,1,1,0,0,0,1,0,0,0,0,0,0,1,0,1,0,1.2527629137039185,841,1
335,4.239999771118164,10,14,5,1,0,1,1,0,0,1,0,0,0,0,1,0,0,0,0,0,1.4445632696151731,196,25
336,7.0,16,26,3,0,1,1,1,1,0,1,0,0,0,0,0,0,1,1,0,0,1.945910096168518,676,9
337,6.0,14,11,3,0,1,1,2,1,0,1,0,0,0,0,0,0,1,0,1,0,1.7917594909667969,121,9
338,12.220000267028809,16,10,2,0,0,0,0,1,0,1,0,0,0,0,0,0,1,1,0,0,2.5030739307403564,100,4
339,4.5,12,13,0,0,0,1,0,1,0,1,0,0,0,0,1,0,0,0,0,0,1.504077434539795,169,0
340,3.0,9,23,20,0,1,1,2,0,0,1,0,0,1,0,0,0,0,0,0,0,1.0986123085021973,529,400
341,2.900000095367432,11,1,2,1,0,0,2,0,0,1,0,0,0,0,1,0,0,0,0,1,1.0647107362747192,1,4
342,15.0,11,35,31,0,0,1,0,0,0,1,0,0,1,0,0,0,0,0,0,0,2.70805025100708,1225,961
343,4.0,12,5,2,0,0,1,0,0,0,1,0,1,0,0,0,0,0,0,0,0,1.3862943649291992,25,4
344,5.25,11,13,11,0,0,1,2,0,0,1,0,0,1,0,0,0,0,0,0,0,1.658228039741516,169,121
345,4.0,12,22,3,0,0,1,3,0,0,1,0,0,1,0,0,0,0,0,0,0,1.3862943649291992,484,9
346,3.299999952316284,12,21,9,0,1,1,2,0,0,1,0,0,0,0,1,0,0,1,0,0,1.1939224004745483,441,81
347,5.050000190734863,12,19,0,0,1,1,3,0,0,1,0,0,0,0,0,0,1,0,1,0,1.619388222694397,361,0
348,3.5799999237060547,12,13,0,0,0,0,0,1,0,1,0,0,0,0,0,1,0,0,0,0,1.2753627300262451,169,0
349,5.0,14,15,5,0,0,1,2,0,0,1,0,0,0,0,1,0,0,1,0,0,1.6094379425048828,225,25
350,4.570000171661377,14,3,0,0,0,1,0,0,0,1,0,0,0,0,0,0,1,1,0,0,1.5195132493972778,9,0
351,12.5,18,6,2,0,0,0,0,1,0,1,0,0,0,0,0,1,0,0,1,0,2.525728702545166,36,4
352,3.450000047683716,12,6,5,0,1,1,0,1,0,1,0,0,0,0,1,0,0,0,1,0,1.2383742332458496,36,25
353,4.630000114440918,12,16,1,0,1,0,0,1,0,1,0,0,0,0,0,0,1,0,1,0,1.5325568914413452,256,1
354,10.0,12,31,2,0,0,1,0,1,0,1,0,0,0,0,1,0,0,1,0,0,2.3025851249694824,961,4
355,2.9200000762939453,11,1,0,0,1,0,1,0,1,0,0,0,0,0,1,0,0,0,0,1,1.07158362865448,1,0
356,4.510000228881836,12,5,2,0,0,0,0,1,1,0,0,0,0,0,1,0,0,0,0,0,1.50629723072052,25,4
357,6.5,17,3,0,0,0,1,0,1,1,0,0,0,0,0,0,0,1,1,0,0,1.8718022108078003,9,0
358,7.5,16,11,0,0,0,1,0,1,1,0,0,0,0,0,0,1,0,1,0,0,2.0149030685424805,121,0
359,3.539999961853028,13,6,7,0,1,1,0,0,1,0,0,0,0,0,0,0,1,0,1,0,1.2641266584396362,36,49
360,4.199999809265137,13,11,3,0,1,1,2,1,1,0,0,0,0,0,1,0,0,0,1,0,1.4350844621658323,121,9
361,3.509999990463257,12,7,2,0,1,1,0,1,1,0,0,0,0,0,1,0,0,0,1,0,1.2556160688400269,49,4
362,4.5,14,5,0,0,0,1,0,1,1,0,0,1,0,0,0,0,0,1,0,0,1.504077434539795,25,0
363,3.3499999046325684,14,5,4,0,1,1,0,1,1,0,0,0,0,0,1,0,0,1,0,0,1.2089602947235107,25,16
364,2.9100000858306885,11,2,2,0,0,0,2,1,1,0,0,0,0,0,1,0,0,0,0,1,1.0681531429290771,4,4
365,5.25,10,44,7,0,0,1,1,1,1,0,0,0,0,0,0,0,0,0,0,0,1.658228039741516,1936,49
366,4.050000190734863,8,44,25,0,0,1,0,1,1,0,0,0,1,0,0,0,0,0,0,1,1.398716926574707,1936,625
367,3.75,14,13,0,0,1,1,3,1,1,0,0,0,0,0,1,0,0,0,1,0,1.3217558860778809,169,0
368,3.400000095367432,12,26,15,0,1,1,1,1,1,0,0,1,0,0,0,0,0,0,1,0,1.2237755060195925,676,225
369,3.0,10,2,1,0,1,0,1,1,0,1,0,0,0,0,1,0,0,0,1,0,1.0986123085021973,4,1
370,6.289999961853027,17,10,3,0,0,1,1,1,0,1,0,0,0,0,0,1,0,1,0,0,1.8389610052108765,100,9
371,2.539999961853028,9,2,0,0,1,0,1,1,0,1,0,0,0,0,1,0,0,0,0,1,0.9321640729904176,4,0
372,4.5,12,35,0,0,1,1,1,1,0,1,0,0,0,0,1,0,0,0,1,0,1.504077434539795,1225,0
373,3.130000114440918,12,6,5,0,1,1,1,1,0,1,0,0,0,0,0,0,1,0,1,0,1.1410330533981323,36,25
374,6.360000133514404,14,8,1,0,0,1,0,1,0,1,0,0,0,0,1,0,0,1,0,0,1.850028395652771,64,1
375,4.679999828338623,16,1,0,0,0,0,0,1,0,1,0,0,1,0,0,0,0,1,0,0,1.5432981252670288,1,0
376,6.800000190734863,12,14,10,0,0,1,2,0,0,1,0,0,1,0,0,0,0,0,0,0,1.916922688484192,196,100
377,8.529999732971191,10,14,6,0,0,1,0,0,0,1,0,0,0,0,0,0,0,0,0,0,2.1435892581939697,196,36
378,4.170000076293945,0,22,10,0,1,0,0,0,0,1,0,0,0,0,0,1,0,0,0,0,1.4279160499572754,484,100
379,3.75,14,8,4,0,1,1,0,0,0,1,0,0,0,1,0,0,0,1,0,0,1.3217558860778809,64,16
380,11.100000381469728,15,1,4,0,1,0,2,0,0,1,0,0,0,0,0,0,1,0,1,0,2.40694522857666,1,16
381,3.259999990463257,16,15,5,1,1,1,2,1,0,1,0,0,0,0,1,0,0,1,0,0,1.181727170944214,225,25
382,9.130000114440918,12,14,12,0,0,1,3,1,0,1,0,0,1,0,0,0,0,1,0,0,2.2115657329559326,196,144
383,4.5,11,37,10,0,0,1,2,1,0,1,0,0,1,0,0,0,0,0,0,0,1.504077434539795,1369,100
384,3.0,11,1,1,0,1,0,1,1,0,1,0,0,0,0,0,0,1,0,0,1,1.0986123085021973,1,1
385,8.75,12,4,4,0,0,1,0,1,0,1,0,0,0,0,0,0,1,0,1,0,2.169053792953491,16,16
386,4.139999866485596,13,29,0,0,1,1,0,1,0,1,0,0,0,0,1,0,0,0,1,0,1.4206957817077637,841,0
387,2.869999885559082,12,45,8,0,1,1,0,0,1,0,0,0,0,0,1,0,0,1,0,0,1.054311990737915,2025,64
388,3.3499999046325684,13,22,0,0,1,0,2,0,1,0,0,0,0,0,1,0,0,0,1,0,1.2089602947235107,484,0
389,6.079999923706055,16,42,10,0,0,0,0,0,1,0,0,0,0,0,1,0,0,1,0,0,1.8050047159194944,1764,100
390,3.0,15,9,0,1,0,0,0,0,1,0,0,0,0,0,0,1,0,0,0,0,1.0986123085021973,81,0
391,4.199999809265137,16,8,0,0,1,1,1,1,1,0,0,0,0,0,0,0,1,0,1,0,1.4350844621658323,64,0
392,5.599999904632568,15,31,15,0,1,0,2,1,1,0,0,0,0,0,0,0,1,0,0,1,1.722766637802124,961,225
393,10.0,12,24,24,0,0,1,0,1,1,0,0,0,1,0,0,0,0,0,0,0,2.3025851249694824,576,576
394,12.5,18,16,5,0,0,1,1,1,1,0,0,0,0,0,0,0,1,1,0,0,2.525728702545166,256,25
395,3.759999990463257,6,6,0,0,0,0,4,0,0,1,0,0,0,0,0,0,0,0,0,0,1.3244189023971558,36,0
396,3.0999999046325684,6,14,0,1,1,0,5,1,0,1,0,0,0,0,1,0,0,0,1,0,1.1314021348953247,196,0
397,4.289999961853027,12,47,25,0,1,1,2,1,0,1,0,0,1,0,0,0,0,0,1,0,1.4562866687774658,2209,625
398,10.920000076293944,12,34,5,0,0,1,0,0,0,1,0,0,0,0,0,0,1,1,0,0,2.3905959129333496,1156,25
399,7.5,16,6,2,0,1,1,1,1,0,1,0,0,0,0,0,0,1,1,0,0,2.0149030685424805,36,4
400,4.050000190734863,9,7,4,0,1,1,1,1,0,1,0,0,0,0,0,0,0,0,0,0,1.398716926574707,49,16
401,4.650000095367432,12,27,2,0,0,1,3,1,0,1,0,0,0,0,0,0,0,0,0,1,1.5368672609329224,729,4
402,5.0,11,24,5,0,0,1,0,1,0,1,0,0,0,0,1,0,0,0,0,0,1.6094379425048828,576,25
403,2.900000095367432,10,18,0,0,1,1,2,0,0,1,0,0,0,0,1,0,0,0,1,0,1.0647107362747192,324,0
404,8.0,12,12,3,1,1,0,1,0,0,1,0,0,0,0,0,0,0,0,0,0,2.079441547393799,144,9
405,8.430000305175781,8,27,3,0,0,1,3,1,0,1,0,0,1,0,0,0,0,0,0,0,2.131796836853028,729,9
406,2.9200000762939453,9,49,0,0,1,0,0,1,0,1,0,0,0,0,0,1,0,0,0,0,1.07158362865448,2401,0
407,6.25,17,4,0,0,1,0,0,1,0,0,1,0,0,0,1,0,0,1,0,0,1.8325815200805664,16,0
408,6.25,16,24,2,0,1,1,2,1,0,0,1,0,0,0,0,0,1,1,0,0,1.8325815200805664,576,4
409,5.110000133514404,11,3,0,0,0,0,0,1,0,0,1,1,0,0,0,0,0,0,0,0,1.6311994791030884,9,0
410,4.0,10,2,0,0,1,0,1,1,0,0,1,0,0,0,0,1,0,0,0,0,1.3862943649291992,4,0
411,4.440000057220459,8,29,11,0,0,1,3,0,0,1,0,0,0,0,1,0,0,1,0,0,1.4906543493270874,841,121
412,6.880000114440918,13,34,21,0,0,1,0,0,0,1,0,0,0,0,0,1,0,1,0,0,1.928618669509888,1156,441
413,5.429999828338623,14,10,3,1,0,1,1,1,0,1,0,0,0,0,1,0,0,1,0,0,1.691939115524292,100,9
414,3.0,13,5,0,0,1,0,1,1,0,1,0,0,0,0,0,0,1,0,0,1,1.0986123085021973,25,0
415,2.900000095367432,11,2,0,0,1,0,2,1,0,1,0,0,0,0,1,0,0,1,0,0,1.0647107362747192,4,0
416,6.25,7,39,21,1,0,1,0,1,0,1,0,0,0,0,1,0,0,0,0,0,1.8325815200805664,1521,441
417,4.340000152587891,16,5,2,1,1,0,0,1,0,1,0,0,0,0,0,0,1,0,1,0,1.4678744077682495,25,4
418,3.25,12,14,2,0,1,1,2,0,0,1,0,0,0,1,0,0,0,0,1,0,1.178655028343201,196,4
419,7.260000228881836,13,8,2,0,0,0,0,1,0,1,0,0,0,0,1,0,0,1,0,0,1.982379913330078,64,4
420,6.349999904632568,14,10,1,0,1,1,2,1,0,1,0,0,0,0,0,0,0,0,0,0,1.848454833030701,100,1
421,5.630000114440918,16,2,2,0,0,1,0,1,0,0,0,0,0,0,1,0,0,0,0,1,1.7281094789505005,4,4
422,8.75,14,9,3,0,0,1,1,1,0,0,0,0,1,0,0,0,0,1,0,0,2.169053792953491,81,9
423,3.200000047683716,11,1,0,0,0,0,0,0,0,0,0,0,0,0,1,0,0,0,0,1,1.1631507873535156,1,0
424,3.0,8,45,1,0,1,1,0,0,0,0,0,0,0,0,0,0,0,0,0,0,1.0986123085021973,2025,1
425,3.0,14,33,3,0,1,1,0,1,0,0,0,0,0,0,0,0,1,0,0,1,1.0986123085021973,1089,9
426,12.5,17,21,18,0,0,1,3,1,0,0,0,0,0,0,0,0,0,1,0,0,2.525728702545166,441,324
427,2.880000114440918,10,2,0,0,1,0,3,1,0,0,0,0,0,0,1,0,0,0,1,0,1.0577902793884275,4,0
428,3.3499999046325684,12,9,1,0,0,1,0,1,1,0,0,0,0,0,1,0,0,0,0,0,1.2089602947235107,81,1
429,6.5,12,33,2,0,0,1,0,0,1,0,0,0,0,0,0,0,0,0,0,0,1.8718022108078003,1089,4
430,10.380000114440918,18,16,2,1,0,1,1,1,1,0,0,0,0,0,0,0,1,1,0,0,2.33988094329834,256,4
431,4.5,14,10,0,0,0,1,0,1,1,0,0,0,0,0,0,0,1,0,0,0,1.504077434539795,100,0
432,10.0,18,9,8,0,0,0,0,0,1,0,0,0,0,1,0,0,0,1,0,0,2.3025851249694824,81,64
433,3.809999942779541,12,8,1,0,1,1,2,0,1,0,0,0,0,0,0,1,0,0,0,1,1.3376291990280151,64,1
434,8.800000190734863,16,9,1,0,0,1,0,0,0,1,0,0,0,0,0,0,1,1,0,0,2.1747517585754395,81,1
435,9.420000076293944,14,23,0,0,1,1,2,0,0,1,0,0,0,0,0,1,0,0,0,0,2.24283504486084,529,0
436,6.329999923706055,12,23,8,0,0,1,2,0,0,1,0,0,0,0,0,0,0,1,0,0,1.8453001976013184,529,64
437,4.0,9,22,18,1,0,0,0,0,0,1,0,0,0,0,0,0,0,0,0,0,1.3862943649291992,484,324
438,2.900000095367432,12,37,0,0,1,1,0,0,0,1,0,0,0,0,1,0,0,1,0,0,1.0647107362747192,1369,0
439,20.0,12,22,4,0,0,1,1,0,0,1,0,0,0,0,1,0,0,1,0,0,2.995732307434082,484,16
440,11.25,17,28,25,0,0,1,1,1,0,1,0,0,1,0,0,0,0,0,0,0,2.420368194580078,784,625
441,3.5,12,14,0,1,1,0,2,1,0,1,0,1,0,0,0,0,0,0,0,0,1.2527629137039185,196,0
442,6.0,15,19,4,0,1,1,2,1,0,1,0,0,0,0,0,0,1,0,0,1,1.7917594909667969,361,16
443,14.380000114440918,17,10,9,1,0,1,1,0,0,1,0,0,1,0,0,0,0,1,0,0,2.6658382415771484,100,81
444,6.360000133514404,16,25,0,0,0,1,1,1,0,1,0,0,1,0,0,0,0,1,0,0,1.850028395652771,625,0
445,3.549999952316284,12,21,0,0,1,1,1,0,0,1,0,0,1,0,0,0,0,0,0,0,1.266947627067566,441,0
446,3.0,15,32,0,0,0,1,0,1,0,1,0,0,0,0,0,1,0,0,0,1,1.0986123085021973,1024,0
447,4.5,16,21,10,0,0,1,1,1,0,1,0,0,0,0,1,0,0,1,0,0,1.504077434539795,441,100
448,6.630000114440918,12,36,0,0,1,0,0,1,0,1,0,0,0,0,1,0,0,0,1,0,1.8916047811508176,1296,0
449,9.300000190734863,15,2,2,0,0,1,0,1,0,1,0,0,0,0,1,0,0,0,0,0,2.2300143241882324,4,4
450,3.0,12,11,0,0,1,1,2,1,0,1,0,0,0,0,1,0,0,1,0,0,1.0986123085021973,121,0
451,3.25,12,40,2,0,1,0,0,0,1,0,0,0,0,0,1,0,0,0,0,1,1.178655028343201,1600,4
452,1.5,12,11,1,0,1,1,2,0,1,0,0,0,0,0,0,0,1,0,0,1,0.4054650962352752,121,1
453,5.900000095367432,12,9,7,0,1,1,1,1,1,0,0,0,0,0,0,0,0,0,0,0,1.774952411651611,81,49
454,8.0,16,23,4,0,0,0,0,1,1,0,0,0,0,0,1,0,0,1,0,0,2.079441547393799,529,16
455,2.900000095367432,11,1,0,0,1,0,1,1,1,0,0,0,0,0,1,0,0,1,0,0,1.0647107362747192,1,0
456,3.289999961853028,14,30,13,0,0,0,0,1,1,0,0,0,0,0,1,0,0,1,0,0,1.1908875703811646,900,169
457,6.5,14,41,33,0,0,1,0,1,1,0,0,0,0,0,1,0,0,1,0,0,1.8718022108078003,1681,1089
458,4.0,13,6,0,0,1,0,1,1,1,0,0,1,0,0,0,0,0,0,1,0,1.3862943649291992,36,0
459,6.0,14,11,0,0,0,1,0,0,1,0,0,0,0,0,1,0,0,0,0,0,1.7917594909667969,121,0
460,4.079999923706055,12,43,17,0,1,1,0,1,1,0,0,0,0,0,0,0,1,0,1,0,1.4060969352722168,1849,289
461,3.75,12,39,2,0,1,1,0,1,1,0,0,0,0,0,0,1,0,1,0,0,1.3217558860778809,1521,4
462,3.049999952316284,8,50,24,0,1,0,0,0,0,1,0,0,1,0,0,0,0,0,0,0,1.1151416301727295,2500,576
463,3.5,12,26,20,0,1,1,0,0,0,1,0,0,1,0,0,0,0,0,0,0,1.2527629137039185,676,400
464,2.9200000762939453,3,51,30,1,0,0,0,1,0,1,0,0,0,0,0,1,0,0,0,1,1.07158362865448,2601,900
465,4.5,11,3,9,0,0,0,0,1,0,1,0,1,0,0,0,0,0,0,0,0,1.504077434539795,9,81
466,3.3499999046325684,15,3,1,0,1,1,2,1,0,1,0,0,0,0,0,1,0,0,1,0,1.2089602947235107,9,1
467,5.949999809265137,11,15,9,1,0,1,1,0,0,1,0,1,0,0,0,0,0,0,0,0,1.7833912372589111,225,81
468,8.0,12,17,6,0,0,1,2,0,0,1,0,0,0,0,1,0,0,1,0,0,2.079441547393799,289,36
469,3.0,4,36,0,0,0,1,1,0,0,1,0,1,0,0,0,0,0,0,0,0,1.0986123085021973,1296,0
470,5.0,9,31,9,1,0,1,6,0,0,1,0,0,0,0,0,0,0,0,0,0,1.6094379425048828,961,81
471,5.5,12,9,4,0,0,1,1,0,0,1,0,0,0,0,1,0,0,0,0,0,1.704748034477234,81,16
472,2.650000095367432,12,42,10,0,1,1,0,1,0,0,1,0,0,0,0,1,0,0,1,0,0.9745596647262572,1764,100
473,3.0,11,3,0,0,1,0,2,1,0,0,1,0,0,0,1,0,0,0,0,0,1.0986123085021973,9,0
474,4.5,12,37,14,0,1,1,0,0,0,0,1,0,0,0,0,0,1,0,1,0,1.504077434539795,1369,196
475,17.5,16,23,22,0,0,1,3,1,0,0,1,0,0,0,1,0,0,1,0,0,2.862200975418091,529,484
476,8.180000305175781,13,21,5,0,0,0,0,1,0,0,1,0,0,0,1,0,0,1,0,0,2.1016921997070312,441,25
477,9.09000015258789,15,11,12,0,0,1,1,1,0,0,1,0,0,1,0,0,0,1,0,0,2.2071750164031982,121,144
478,11.81999969482422,16,35,13,0,0,1,0,1,0,0,1,0,0,1,0,0,0,1,0,0,2.4697930812835693,1225,169
479,3.25,12,42,0,0,1,1,0,1,0,0,1,0,0,0,1,0,0,1,0,0,1.178655028343201,1764,0
480,4.5,12,3,0,0,0,0,0,1,0,0,1,0,0,0,0,0,0,0,0,0,1.504077434539795,9,0
481,4.5,12,13,0,0,0,1,0,1,0,0,1,0,0,0,0,0,0,0,0,0,1.504077434539795,169,0
482,3.7100000381469727,9,14,7,0,0,1,2,0,0,1,0,0,1,0,0,0,0,0,0,0,1.311031937599182,196,49
483,6.5,10,14,11,0,0,1,3,0,0,1,0,0,0,0,1,0,0,0,0,0,1.8718022108078003,196,121
484,2.900000095367432,12,39,1,0,1,1,0,0,0,1,0,0,0,0,0,0,1,0,0,1,1.0647107362747192,1521,1
485,5.599999904632568,11,11,8,0,0,1,2,0,0,1,0,0,0,0,0,0,0,0,1,0,1.722766637802124,121,64
486,2.2300000190734863,8,28,3,0,0,1,4,0,0,1,0,0,0,0,0,0,1,1,0,0,0.8020015954971313,784,9
487,5.0,6,18,0,0,1,1,3,1,0,0,1,0,0,0,1,0,0,0,0,1,1.6094379425048828,324,0
488,8.329999923706055,16,6,2,0,0,1,0,1,0,0,1,0,0,1,0,0,0,0,1,0,2.119863510131836,36,4
489,2.900000095367432,12,26,1,0,1,0,4,1,0,1,0,0,0,0,1,0,0,0,1,0,1.0647107362747192,676,1
490,6.25,12,21,6,0,0,1,3,1,0,1,0,0,0,0,1,0,0,1,0,0,1.8325815200805664,441,36
491,4.550000190734863,16,34,2,0,0,1,0,0,0,1,0,0,0,0,0,0,1,1,0,0,1.5151273012161257,1156,4
492,3.2799999713897705,12,17,2,0,1,0,0,0,0,1,0,0,0,0,0,0,1,0,0,1,1.1878434419631958,289,4
493,2.299999952316284,10,2,0,0,1,0,4,1,1,0,0,0,0,0,1,0,0,0,0,1,0.832909107208252,4,0
494,3.299999952316284,13,5,0,0,1,0,0,1,1,0,0,0,0,0,0,0,1,1,0,0,1.1939224004745483,25,0
495,3.150000095367432,13,1,0,0,1,0,4,1,1,0,0,0,0,1,0,0,0,0,1,0,1.14740252494812,1,0
496,12.5,14,40,30,0,0,1,0,1,1,0,0,0,0,0,0,0,0,1,0,0,2.525728702545166,1600,900
497,5.150000095367432,16,39,21,0,1,0,0,1,0,0,1,0,0,0,0,0,1,0,1,0,1.638996720314026,1521,441
498,3.130000114440918,10,1,1,0,0,0,2,1,0,0,1,0,0,0,1,0,0,0,0,1,1.1410330533981323,1,1
499,7.25,12,14,5,0,0,1,3,1,0,0,1,0,0,1,0,0,0,0,0,0,1.9810014963150024,196,25
500,2.900000095367432,12,2,2,0,1,0,0,1,0,0,1,0,0,0,0,0,1,0,1,0,1.0647107362747192,4,4
501,1.75,11,2,1,0,0,0,2,1,0,0,1,0,0,0,1,0,0,0,0,1,0.5596157908439636,4,1
502,2.890000104904175,0,42,0,0,1,1,2,0,0,0,1,0,0,0,0,1,0,0,0,0,1.0612565279006958,1764,0
503,2.900000095367432,5,34,0,0,1,1,5,0,0,0,1,0,1,0,0,0,0,0,0,0,1.0647107362747192,1156,0
504,17.709999084472656,16,10,3,0,0,1,1,1,0,0,1,1,0,0,0,0,0,1,0,0,2.874129295349121,100,9
505,6.25,16,4,3,0,0,1,0,0,0,0,1,0,0,1,0,0,0,0,0,1,1.8325815200805664,16,9
506,2.5999999046325684,9,4,0,0,0,0,1,0,0,0,1,0,0,0,1,0,0,0,0,0,0.9555113911628724,16,0
507,6.630000114440918,15,21,3,0,1,1,2,0,0,0,1,0,0,0,0,0,1,1,0,0,1.8916047811508176,441,9
508,3.5,12,31,3,1,1,0,1,1,0,0,1,0,0,0,0,1,0,0,0,0,1.2527629137039185,961,9
509,6.5,12,20,14,0,0,1,3,1,0,0,1,0,0,0,1,0,0,0,0,0,1.8718022108078003,400,196
510,3.0,12,36,1,1,1,0,0,1,0,0,1,0,0,0,0,1,0,0,0,0,1.0986123085021973,1296,1
511,4.380000114440918,13,7,0,1,0,1,1,1,0,0,1,0,1,0,0,0,0,0,0,0,1.4770487546920776,49,0
512,10.0,12,15,0,0,0,0,1,0,0,0,0,0,0,0,0,1,0,1,0,0,2.3025851249694824,225,0
513,4.949999809265137,7,25,17,0,0,1,5,0,0,0,0,1,0,0,0,0,0,0,0,0,1.599387526512146,625,289
514,9.0,17,7,0,0,1,1,2,0,0,0,0,0,0,0,0,0,1,1,0,0,2.1972246170043945,49,0
515,1.4299999475479126,12,17,0,0,1,1,2,0,0,0,0,0,0,0,1,0,0,0,0,0,0.3576744198799133,289,0
516,3.0799999237060547,12,3,1,0,0,0,0,0,0,0,0,0,0,0,0,0,1,1,0,0,1.1249295473098757,9,1
517,9.329999923706056,14,12,11,0,0,1,3,0,0,0,0,0,0,0,0,0,1,1,0,0,2.2332351207733154,144,121
518,7.5,12,18,5,0,0,1,2,0,0,0,1,0,0,0,1,0,0,0,0,0,2.0149030685424805,324,25
519,4.75,13,47,1,0,0,1,0,0,0,0,1,0,0,0,1,0,0,0,0,0,1.5581445693969729,2209,1
520,5.650000095367432,12,2,0,0,0,0,0,0,0,0,1,1,0,0,0,0,0,0,0,0,1.7316555976867676,4,0
521,15.0,16,14,2,0,1,1,2,0,0,0,1,0,0,0,0,0,1,1,0,0,2.70805025100708,196,4
522,2.2699999809265137,10,2,0,0,1,0,3,0,0,0,1,0,0,0,1,0,0,1,0,0,0.8197798132896423,4,0
523,4.670000076293945,15,13,18,0,0,1,3,0,0,0,1,1,0,0,0,0,0,1,0,0,1.5411590337753296,169,324
524,11.5600004196167,16,5,1,0,0,1,0,0,0,0,1,0,1,0,0,0,0,0,0,0,2.447551012039185,25,1
525,3.5,14,5,4,1,1,0,2,0,0,0,1,0,0,0,0,0,1,0,1,0,1.2527629137039185,25,16
